user,server,ilp_user,ilp_time,greedy_user,greedy_time,dqn_user,dqn_time,td3_user,td3_time,ddpg_user,ddpg_time
100.0,50.0,79.0,0.27791560000002846,79.0,0.014200999999957276,79.0,0.009815000000003238,79.0,0.011900400000058653,79.0,0.00998549999997067
100.0,50.0,81.0,0.11458740000000489,81.0,0.016470899999944777,81.0,0.010226200000033714,81.0,0.012035299999979543,81.0,0.012636000000043168
100.0,50.0,76.0,0.11270709999996598,76.0,0.013562299999989591,76.0,0.009956500000043889,76.0,0.010985499999947024,76.0,0.01140459999999166
100.0,50.0,84.0,0.1269021000000521,84.0,0.014713199999960125,84.0,0.009827800000039133,84.0,0.011463699999922028,84.0,0.01146059999996396
100.0,50.0,79.0,0.12942709999992985,79.0,0.013858099999993101,79.0,0.010312799999951494,79.0,0.01126750000003085,79.0,0.009982499999978245
100.0,50.0,84.0,0.1277744999999868,84.0,0.016287600000055136,84.0,0.009679400000095484,84.0,0.013543899999945097,84.0,0.012570100000061757
100.0,50.0,86.0,0.12147190000007413,86.0,0.0146717999999737,86.0,0.010007400000063171,86.0,0.01045699999997396,86.0,0.010390600000050654
100.0,50.0,92.0,0.18554779999999482,92.0,0.01613800000006904,92.0,0.009829200000012861,92.0,0.012175100000035854,92.0,0.011732900000083646
100.0,50.0,80.0,0.13364339999998265,80.0,0.014217099999996208,80.0,0.010137699999972938,80.0,0.010625000000004547,80.0,0.00964089999990847
100.0,50.0,77.0,0.11764679999998862,77.0,0.015568700000017088,77.0,0.009783100000049672,77.0,0.01093279999997776,77.0,0.009808200000065881
200.0,50.0,171.0,0.2426216999999724,171.0,0.02989520000005541,171.0,0.01010350000001381,171.0,0.011290600000052109,171.0,0.012207099999955062
200.0,50.0,150.0,0.2561041999999816,148.0,0.02850860000000921,152.0,0.010544800000047871,152.0,0.011236399999916102,152.0,0.011811599999987266
200.0,50.0,184.0,0.20255980000001728,184.0,0.03134750000003805,184.0,0.010211199999957898,184.0,0.011707600000022467,184.0,0.01011930000004213
200.0,50.0,152.0,0.22909370000002127,152.0,0.026273699999933342,152.0,0.010057299999971292,152.0,0.011276800000018739,152.0,0.01051719999998113
200.0,50.0,150.0,0.2329660000000331,150.0,0.027611999999976433,150.0,0.010163799999986622,150.0,0.011390000000005784,150.0,0.012138800000002448
200.0,50.0,158.0,0.2450635999999804,158.0,0.029517199999986587,158.0,0.010024999999927786,158.0,0.011243900000067697,158.0,0.010201299999948787
200.0,50.0,152.0,0.20312950000004548,152.0,0.0279968000000963,152.0,0.01066600000001472,152.0,0.011375799999996161,152.0,0.010182299999996758
200.0,50.0,168.0,0.3105651000000762,168.0,0.02926619999993818,168.0,0.010614800000098512,168.0,0.011787700000013501,168.0,0.010491600000023027
200.0,50.0,160.0,0.19145080000009784,160.0,0.02722510000000966,160.0,0.01016760000004524,160.0,0.011535900000012589,160.0,0.010364700000081939
200.0,50.0,158.0,0.2175196999999116,158.0,0.029435400000011214,159.0,0.010046900000020287,159.0,0.013707899999985784,159.0,0.011338200000068355
300.0,50.0,231.0,0.5030133999999862,229.0,0.04621720000000096,242.0,0.010695999999938977,242.0,0.012538899999981368,242.0,0.014208000000053289
300.0,50.0,233.0,0.43455649999998514,227.0,0.04644129999996949,238.0,0.010853099999962978,238.0,0.014565100000027087,238.0,0.01353119999998853
300.0,50.0,245.0,0.41200989999993,240.0,0.04496930000004795,254.0,0.011768799999913426,254.0,0.01405479999993986,254.0,0.012184999999931279
300.0,50.0,263.0,0.523428699999954,258.0,0.06625630000007732,265.0,0.010761099999967882,265.0,0.013890500000002248,265.0,0.012927399999966838
300.0,50.0,251.0,0.35137889999998606,243.0,0.046743100000071536,253.0,0.011684999999943102,253.0,0.013255200000003242,253.0,0.013008799999965959
300.0,50.0,233.0,0.35797889999992094,231.0,0.0451520999999957,236.0,0.010721500000045125,236.0,0.012099499999976615,236.0,0.01054779999992661
300.0,50.0,246.0,0.48994970000001103,240.0,0.04306020000001354,250.0,0.011053700000047684,250.0,0.012404700000047342,250.0,0.011194700000032753
300.0,50.0,252.0,0.3793762999999899,248.0,0.04792579999991631,253.0,0.011069099999986065,253.0,0.014145199999916258,253.0,0.0125358000000233
300.0,50.0,258.0,0.38375120000000607,247.0,0.04556200000001809,261.0,0.010830200000100376,261.0,0.011828199999968092,261.0,0.010543800000050396
300.0,50.0,257.0,0.4321942000000263,252.0,0.047567999999955646,257.0,0.010469199999988632,257.0,0.014278100000069571,257.0,0.01118270000006305
400.0,50.0,331.0,0.5158905999999206,321.0,0.06062420000000657,344.0,0.011271399999941423,344.0,0.012827000000015687,344.0,0.011951700000054188
400.0,50.0,335.0,0.7507904999999937,326.0,0.059206600000038634,338.0,0.011248600000044462,338.0,0.012886200000025383,338.0,0.01303470000004836
400.0,50.0,339.0,0.6552934999999707,328.0,0.06248959999993531,341.0,0.011463700000035715,341.0,0.013158499999917694,341.0,0.014658499999995911
400.0,50.0,306.0,0.6030819000000065,293.0,0.06004289999998491,317.0,0.011823499999991327,317.0,0.01440900000000056,317.0,0.01468339999996715
400.0,50.0,280.0,0.5167840000000297,266.0,0.053639100000054896,293.0,0.011050700000055258,293.0,0.012242399999990994,293.0,0.01603910000005726
400.0,50.0,316.0,0.6111062999999604,305.0,0.05902590000005148,324.0,0.011118200000055367,324.0,0.012588900000082504,324.0,0.011216800000056537
400.0,50.0,321.0,0.4764471999999387,309.0,0.06065920000003189,323.0,0.011372199999982513,323.0,0.012333000000012362,323.0,0.014074400000026799
400.0,50.0,291.0,0.5716813999999886,290.0,0.05757010000002083,296.0,0.011395700000093711,296.0,0.012504300000045987,296.0,0.011035999999990054
400.0,50.0,295.0,0.5407298999999739,282.0,0.05641719999994166,323.0,0.011250199999949473,323.0,0.012274999999931424,323.0,0.01143519999993714
400.0,50.0,328.0,0.5254330000000209,319.0,0.06247340000004442,343.0,0.01129439999999704,343.0,0.015133600000012848,343.0,0.014053999999987354
500.0,50.0,403.0,25.591911700000082,372.0,0.07408829999997124,426.0,0.012475500000050488,426.0,0.015840299999922536,426.0,0.012293199999930948
500.0,50.0,404.0,0.8949364999999716,382.0,0.07097129999999652,433.0,0.011643199999980425,433.0,0.012953599999946164,433.0,0.011768800000027113
500.0,50.0,393.0,0.8693368999998938,365.0,0.07660420000001977,422.0,0.013030400000047848,422.0,0.0139484999999695,422.0,0.015993600000001607
500.0,50.0,399.0,0.7868757999999616,388.0,0.07796699999994416,407.0,0.012347099999942657,407.0,0.015350699999999051,407.0,0.014874700000063967
500.0,50.0,379.0,0.6734814999999799,354.0,0.06951980000008007,413.0,0.011610500000074353,413.0,0.01306289999990895,413.0,0.012014700000008816
500.0,50.0,381.0,0.7800406999999723,354.0,0.07392049999998562,403.0,0.01160159999994903,403.0,0.014422999999965214,403.0,0.0137037000000646
500.0,50.0,388.0,25.539256900000055,367.0,0.094208999999978,415.0,0.011954500000001644,415.0,0.014610299999958443,415.0,0.014068199999996978
500.0,50.0,369.0,0.8197774999999865,340.0,0.07009880000009616,400.0,0.011644799999999123,400.0,0.013076500000011038,400.0,0.012035200000013901
500.0,50.0,384.0,0.7511356999999634,356.0,0.07520450000004075,417.0,0.012749299999995856,417.0,0.015356999999994514,417.0,0.013690600000018094
500.0,50.0,364.0,0.8003722000000835,347.0,0.07710929999996097,384.0,0.01154539999993176,384.0,0.013143200000058641,384.0,0.012619599999993625
100.0,50.0,79.0,0.12146489999986443,79.0,0.015326000000186468,79.0,0.007900099999915255,79.0,0.010796799999752693,79.0,0.0114133000001857
100.0,50.0,80.0,0.11863279999988663,80.0,0.014062700000067707,80.0,0.007268299999850569,80.0,0.01232800000025236,80.0,0.011481100000310107
100.0,50.0,88.0,0.11739249999982349,88.0,0.015544299999874056,88.0,0.00748280000016166,88.0,0.010548100000050908,88.0,0.01165949999995064
100.0,50.0,83.0,0.1134887000002891,83.0,0.015024699999685254,83.0,0.0073557000000619155,83.0,0.012251500000274973,83.0,0.012030699999741046
100.0,50.0,83.0,0.1883810999997877,83.0,0.015743899999961286,83.0,0.007482299999992392,83.0,0.010510799999792653,83.0,0.01022130000001198
100.0,50.0,77.0,0.1154765999999654,77.0,0.014942899999823567,77.0,0.007417799999984709,77.0,0.01006969999980356,77.0,0.009066300000085903
100.0,50.0,91.0,0.11363740000024336,91.0,0.01623250000011467,91.0,0.007810199999767065,91.0,0.012169499999799882,91.0,0.012247000000115804
100.0,50.0,76.0,0.11815280000018902,76.0,0.014477100000021892,76.0,0.007764299999962532,76.0,0.01089799999999741,76.0,0.011546400000042922
100.0,50.0,87.0,0.10978090000025986,87.0,0.01697660000036194,87.0,0.007415399999899819,87.0,0.01036789999989196,87.0,0.009632700000111072
100.0,50.0,79.0,0.11562059999960184,79.0,0.013601699999981065,79.0,0.007325000000037107,79.0,0.010895299999901908,79.0,0.01124809999964782
100.0,50.0,86.0,0.11431809999976394,86.0,0.015793700000358513,86.0,0.007415300000047864,86.0,0.01039970000010726,86.0,0.009192600000005768
100.0,50.0,86.0,0.11185490000025311,86.0,0.015393300000141608,86.0,0.0078016000002207875,86.0,0.010443800000302872,86.0,0.011847600000237435
100.0,50.0,80.0,0.1790728000000854,80.0,0.014823399999841058,80.0,0.007390099999611266,80.0,0.011572500000056607,80.0,0.011854600000333448
100.0,50.0,84.0,0.1133190000000468,84.0,0.015590999999858468,84.0,0.007615600000008271,84.0,0.010293499999988853,84.0,0.011190899999746762
100.0,50.0,81.0,0.11299509999980728,81.0,0.015121399999770802,81.0,0.007455900000422844,81.0,0.010407600000235107,81.0,0.009702399999696354
100.0,50.0,81.0,0.11754930000006425,81.0,0.015117299999928946,81.0,0.007379600000149367,81.0,0.011625999999978376,81.0,0.01146149999976842
100.0,50.0,78.0,0.1336753000000499,78.0,0.016273400000045513,78.0,0.0074681999999484106,78.0,0.010557800000242423,78.0,0.009574700000030134
100.0,50.0,84.0,0.11749290000034307,84.0,0.014824500000031549,84.0,0.007165399999848887,84.0,0.010662800000318384,84.0,0.009493200000179058
100.0,50.0,81.0,0.11750520000032338,81.0,0.014387200000328448,81.0,0.007311499999559601,81.0,0.011396800000056828,81.0,0.010346599999593309
100.0,50.0,84.0,0.11774210000021412,84.0,0.01575109999976121,84.0,0.008109299999887298,84.0,0.010293300000284944,84.0,0.00928669999984777
100.0,50.0,80.0,0.11986139999999068,80.0,0.015107000000170956,80.0,0.007272600000305829,80.0,0.011505899999974645,80.0,0.011805900000126712
100.0,50.0,85.0,0.11080210000000079,85.0,0.014290900000105466,85.0,0.007592200000090088,85.0,0.010531100000207516,85.0,0.009662300000400137
100.0,50.0,85.0,0.11519109999971988,85.0,0.015134900000248308,85.0,0.007455499999650783,85.0,0.01061550000031275,85.0,0.009542700000110926
100.0,50.0,85.0,0.1099263000000974,85.0,0.01636949999965509,85.0,0.0075683999998545914,85.0,0.012913700000353856,85.0,0.011440499999935128
100.0,50.0,77.0,0.11639189999959854,77.0,0.013251400000171998,77.0,0.007253599999785365,77.0,0.010446799999954237,77.0,0.009435599999960687
100.0,50.0,92.0,0.11467509999965841,92.0,0.016048699999828386,92.0,0.00749309999991965,92.0,0.010474000000158412,92.0,0.009363599999687722
100.0,50.0,79.0,0.11683119999997871,79.0,0.014287899999999354,79.0,0.007355600000209961,79.0,0.012181000000055064,79.0,0.011473499999738124
100.0,50.0,84.0,0.1738973999999871,84.0,0.017940899999757676,84.0,0.007796700000199053,84.0,0.011307900000247173,84.0,0.009879900000214548
100.0,50.0,76.0,0.11387709999962681,76.0,0.015355900000031397,76.0,0.007827700000234472,76.0,0.011027200000171433,76.0,0.009898400000110996
100.0,50.0,83.0,0.11630749999994805,83.0,0.014741599999979371,84.0,0.0073919999999816355,84.0,0.010613299999931769,84.0,0.00915450000002238
100.0,50.0,79.0,0.10864099999980681,79.0,0.014800999999806663,79.0,0.0073685000002114975,79.0,0.010468199999650096,79.0,0.00938559999985955
100.0,50.0,81.0,0.11169449999988501,81.0,0.0161406000001989,81.0,0.007365500000105385,81.0,0.01072329999988142,81.0,0.011904100000265316
100.0,50.0,90.0,0.1021787000004224,90.0,0.017378000000007887,90.0,0.007373699999789096,90.0,0.0101225000003069,90.0,0.009094900000036432
100.0,50.0,83.0,0.11679400000002715,83.0,0.015473599999950238,83.0,0.007304100000055769,83.0,0.010372499999903084,83.0,0.010455300000103307
100.0,50.0,85.0,0.11761650000016743,85.0,0.01592080000000351,85.0,0.007387600000129169,85.0,0.011023000000022876,85.0,0.01152719999981855
100.0,50.0,80.0,0.18067459999974744,80.0,0.01411599999983082,80.0,0.007451499999660882,80.0,0.010610899999846879,80.0,0.011309199999686825
100.0,50.0,83.0,0.11411679999991975,83.0,0.014472899999873334,83.0,0.007560100000318926,83.0,0.011849600000005012,83.0,0.011771099999805301
100.0,50.0,82.0,0.11971059999996214,82.0,0.014516400000047724,82.0,0.0075407999997878505,82.0,0.010591499999918597,82.0,0.009322899999915535
100.0,50.0,81.0,0.1167331000001468,81.0,0.014068999999835796,81.0,0.007604200000059791,81.0,0.010289299999840296,81.0,0.00927670000010039
100.0,50.0,85.0,0.11227019999978438,85.0,0.016941599999881873,85.0,0.0074371000000610366,85.0,0.01245920000019396,85.0,0.011666800000057265
100.0,50.0,87.0,0.11334369999985938,87.0,0.016864399999576563,87.0,0.00744170000007216,87.0,0.01065489999973579,87.0,0.009824900000239722
100.0,50.0,73.0,0.12070909999965806,73.0,0.01187069999969026,73.0,0.0072236000000884815,73.0,0.01141139999981533,73.0,0.011354899999787449
100.0,50.0,76.0,0.1183141000001342,76.0,0.013979100000142353,76.0,0.007300199999917822,76.0,0.010654900000190537,76.0,0.009523600000193255
100.0,50.0,71.0,0.18181060000006255,71.0,0.015198600000076112,71.0,0.00723249999964537,71.0,0.010551500000019587,71.0,0.009299499999997352
100.0,50.0,79.0,0.11875549999967916,79.0,0.013751800000136427,79.0,0.007377100000212522,79.0,0.010947399999622576,79.0,0.00985999999966225
100.0,50.0,87.0,0.11144319999993968,87.0,0.016202899999825604,87.0,0.007558499999959167,87.0,0.012068900000031135,87.0,0.011447400000179186
100.0,50.0,76.0,0.11550209999995786,76.0,0.014886599999954342,76.0,0.007469599999694765,76.0,0.010515099999793165,76.0,0.010951899999781745
100.0,50.0,82.0,0.11529250000012325,82.0,0.014509600000110368,82.0,0.007285400000000664,82.0,0.01269030000003113,82.0,0.011920400000235531
100.0,50.0,83.0,0.11427260000027673,83.0,0.013810400000238587,83.0,0.007415300000047864,83.0,0.01298399999996036,83.0,0.011561300000266783
100.0,50.0,81.0,0.1132462000000487,81.0,0.016246700000010605,81.0,0.007449199999882694,81.0,0.010715999999774795,81.0,0.009416200000032404
200.0,50.0,163.0,0.27469909999990705,162.0,0.02828910000016549,169.0,0.007634000000052765,169.0,0.010931499999969674,169.0,0.01010020000012446
200.0,50.0,162.0,0.22516519999999218,162.0,0.03074449999985518,162.0,0.007800100000167731,162.0,0.011672900000121444,162.0,0.01115860000027169
200.0,50.0,166.0,0.18982539999979053,166.0,0.029986300000018673,166.0,0.007776899999953457,166.0,0.013119300000198564,166.0,0.010197499999776483
200.0,50.0,162.0,0.23839440000028844,162.0,0.027305099999921367,162.0,0.00775629999998273,162.0,0.011313200000131474,162.0,0.009749199999987468
200.0,50.0,159.0,0.2510164000000259,158.0,0.027327400000103808,160.0,0.007768800000121701,160.0,0.011025799999970332,160.0,0.011657499999728316
200.0,50.0,152.0,0.23457009999992806,150.0,0.03344429999970089,152.0,0.008165500000359316,152.0,0.013103600000249571,152.0,0.010478300000158924
200.0,50.0,173.0,0.2250154999996994,171.0,0.03047100000003411,175.0,0.008364799999981187,175.0,0.011006799999904615,175.0,0.010370899999998073
200.0,50.0,175.0,0.23561059999974532,175.0,0.029379400000379974,175.0,0.008449200000086421,175.0,0.012085699999715871,175.0,0.011860100000376406
200.0,50.0,166.0,0.28298560000030193,166.0,0.02842419999979029,166.0,0.007634800000232644,166.0,0.012922899999921356,166.0,0.011213299999781157
200.0,50.0,171.0,0.20582569999987754,171.0,0.03091130000029807,172.0,0.007784899999933259,172.0,0.010810400000082154,172.0,0.009832799999912822
200.0,50.0,146.0,0.2599883000002592,146.0,0.027556700000332057,146.0,0.008818900000278518,146.0,0.011022000000139087,146.0,0.010834199999862903
200.0,50.0,162.0,0.24030149999998685,161.0,0.030496500000026572,164.0,0.007802600000104576,164.0,0.011701300000368065,164.0,0.011576200000035897
200.0,50.0,161.0,0.21362120000003415,158.0,0.029882300000281248,163.0,0.008116599999993923,163.0,0.011914400000023306,163.0,0.011429000000134693
200.0,50.0,166.0,0.23466999999982363,165.0,0.029058399999939866,166.0,0.007987800000137213,166.0,0.011082200000146258,166.0,0.010751300000265473
200.0,50.0,164.0,0.19460639999988416,163.0,0.0298875999997108,164.0,0.007748800000172196,164.0,0.011338599999817234,164.0,0.010781399999814312
200.0,50.0,158.0,0.2362585000000763,158.0,0.03110900000001493,158.0,0.008490899999742396,158.0,0.012244600000030914,158.0,0.012314600000081555
200.0,50.0,159.0,0.23033140000006824,158.0,0.027777400000104535,162.0,0.008213899999645946,162.0,0.011854200000016135,162.0,0.009509699999853183
200.0,50.0,183.0,0.2617289000004348,182.0,0.030592799999794806,183.0,0.007752800000162097,183.0,0.010952799999813578,183.0,0.009724699999878794
200.0,50.0,168.0,0.2208621999998286,167.0,0.027751500000249507,168.0,0.008076700000401615,168.0,0.011228399999708927,168.0,0.009902100000090286
200.0,50.0,147.0,0.224108299999898,147.0,0.027294500000152766,147.0,0.007875700000113284,147.0,0.011050300000079005,147.0,0.011962700000367477
200.0,50.0,142.0,0.22096639999972467,142.0,0.027107999999770982,142.0,0.007589000000280066,142.0,0.010978799999975308,142.0,0.009559900000112975
200.0,50.0,147.0,0.2810095999998339,147.0,0.026600000000144064,147.0,0.007592899999963265,147.0,0.013301999999839609,147.0,0.012307099999816273
200.0,50.0,151.0,0.21700680000003558,151.0,0.028660199999649194,151.0,0.007844199999908597,151.0,0.010891200000060053,151.0,0.009881299999960902
200.0,50.0,165.0,0.21761500000002343,165.0,0.02905719999989742,165.0,0.007717500000126165,165.0,0.011217100000067148,165.0,0.010150599999633414
200.0,50.0,173.0,0.231423299999733,170.0,0.029413199999908102,173.0,0.0076445999998213665,173.0,0.01311100000020815,173.0,0.012183399999685207
200.0,50.0,172.0,0.2936006999998426,171.0,0.030974700000115263,172.0,0.0077467999999498716,172.0,0.01045220000014524,172.0,0.009662800000114657
200.0,50.0,171.0,0.2219503999999688,171.0,0.03171859999974913,171.0,0.008014700000330777,171.0,0.011121099999854778,171.0,0.010044899999684276
200.0,50.0,168.0,0.2575716999999713,168.0,0.029629600000134815,168.0,0.007910199999969336,168.0,0.013674899999841728,168.0,0.010250599999835686
200.0,50.0,152.0,0.22240259999989576,152.0,0.028698099999928672,152.0,0.007560699999885401,152.0,0.01299749999998312,152.0,0.010765800000172021
200.0,50.0,153.0,0.30916479999996227,153.0,0.030954299999848445,153.0,0.007913800000096671,153.0,0.011175599999660335,153.0,0.009675099999640224
200.0,50.0,170.0,0.2220843000000059,169.0,0.03033899999991263,170.0,0.00781840000036027,170.0,0.011267599999882805,170.0,0.010189600000103383
200.0,50.0,161.0,0.18765179999991233,160.0,0.02892119999978604,161.0,0.007833799999843905,161.0,0.010926399999789282,161.0,0.00999679999995351
200.0,50.0,170.0,0.21715599999970436,170.0,0.03351840000004813,170.0,0.008503600000040024,170.0,0.014639299999998912,170.0,0.013315000000147847
200.0,50.0,165.0,0.29302910000023985,165.0,0.030432599999585364,165.0,0.00768480000033378,165.0,0.01334180000003471,165.0,0.010931699999673583
200.0,50.0,172.0,0.2191789999997127,172.0,0.029534099999636965,172.0,0.00773269999990589,172.0,0.011051499999666703,172.0,0.010155899999972462
200.0,50.0,173.0,0.2334368000001632,173.0,0.02898460000005798,173.0,0.007792300000346586,173.0,0.012719999999717402,173.0,0.010539399999743182
200.0,50.0,162.0,0.2323714000003747,162.0,0.030950400000165246,162.0,0.007800800000040908,162.0,0.01066609999998036,162.0,0.010135400000308437
200.0,50.0,163.0,0.3140173000001596,163.0,0.02901320000000851,164.0,0.007636100000127044,164.0,0.010484100000212493,164.0,0.010234999999738648
200.0,50.0,167.0,0.23250899999993635,167.0,0.03145919999997204,167.0,0.007776099999773578,167.0,0.011253799999849434,167.0,0.0097022999998444
200.0,50.0,160.0,0.22036309999975856,160.0,0.028223400000115362,160.0,0.007745500000055472,160.0,0.013038200000210054,160.0,0.012458700000024692
200.0,50.0,156.0,0.2132646999998542,156.0,0.030038899999908608,156.0,0.007620699999733915,156.0,0.012855099999796948,156.0,0.012566100000185543
200.0,50.0,162.0,0.26747030000024097,162.0,0.02814280000029612,164.0,0.007662399999844638,164.0,0.012415499999860913,164.0,0.010365899999669637
200.0,50.0,153.0,0.23443330000009155,153.0,0.03052750000006199,153.0,0.007581699999718694,153.0,0.012286499999845546,153.0,0.0109879000001456
200.0,50.0,162.0,0.1951389000000745,158.0,0.029997699999967153,162.0,0.007853999999952066,162.0,0.011597799999890412,162.0,0.012219700000059674
200.0,50.0,154.0,0.19032339999967007,153.0,0.027946000000156346,154.0,0.008016599999791651,154.0,0.011726100000032602,154.0,0.012155100000200036
200.0,50.0,155.0,0.20421220000025642,155.0,0.027398700000048848,157.0,0.007626099999924918,157.0,0.012185000000044965,157.0,0.011038000000098691
200.0,50.0,160.0,0.24437609999995402,155.0,0.027381200000036188,160.0,0.007897099999809143,160.0,0.012669799999912357,160.0,0.012571599999773753
200.0,50.0,165.0,0.22154860000000554,165.0,0.031140999999934138,165.0,0.007917899999938527,165.0,0.011283100000127888,165.0,0.01191419999986465
200.0,50.0,166.0,0.22007710000025327,165.0,0.028841100000136066,166.0,0.00787529999979597,166.0,0.010776000000078056,166.0,0.009935200000199984
200.0,50.0,165.0,0.2220524999997906,163.0,0.029601200000342942,165.0,0.008584000000155356,165.0,0.011402800000269053,165.0,0.012046199999986129
300.0,50.0,246.0,0.3899404999997387,243.0,0.044674400000076275,249.0,0.008406099999774597,249.0,0.013526200000342214,249.0,0.011557299999822135
300.0,50.0,212.0,0.3760240999999951,204.0,0.04393759999993563,223.0,0.008227700000134064,223.0,0.011592299999847455,223.0,0.010768000000098255
300.0,50.0,246.0,0.4600908999996136,241.0,0.043271699999877455,257.0,0.008111900000130845,257.0,0.011295100000097591,257.0,0.011293200000181969
300.0,50.0,254.0,0.33864420000008977,253.0,0.0431789000003846,255.0,0.008131999999932304,255.0,0.011681699999826378,255.0,0.010643199999776698
300.0,50.0,251.0,0.3292547999999442,249.0,0.04356869999992341,251.0,0.008280300000023999,251.0,0.012239299999691866,251.0,0.013096799999857467
300.0,50.0,244.0,0.3629007000004094,239.0,0.047240599999895494,245.0,0.008454499999970722,245.0,0.01186199999983728,245.0,0.010710500000186585
300.0,50.0,252.0,0.4271171999998842,250.0,0.042938999999933,254.0,0.008473099999719125,254.0,0.011550900000202091,254.0,0.010767799999939598
300.0,50.0,249.0,0.33280340000010256,247.0,0.04545540000026449,249.0,0.008427799999935814,249.0,0.011503300000185845,249.0,0.01163349999978891
300.0,50.0,256.0,0.40996050000012474,253.0,0.04486079999969661,262.0,0.008380799999940791,262.0,0.012562500000058208,262.0,0.012100699999791686
300.0,50.0,240.0,0.41993589999992764,235.0,0.04697549999991679,243.0,0.008335900000020047,243.0,0.011472800000319694,243.0,0.010451999999986583
300.0,50.0,232.0,0.36558960000002116,228.0,0.04331309999997757,239.0,0.008341200000359095,239.0,0.012111300000015035,239.0,0.013205299999754061
300.0,50.0,244.0,0.46528749999970387,235.0,0.04485840000006647,247.0,0.008360999999695196,247.0,0.011498200000005454,247.0,0.010371699999723205
300.0,50.0,247.0,0.34738430000015796,243.0,0.042745300000206043,249.0,0.00841199999968012,249.0,0.01186890000008134,249.0,0.010898500000166678
300.0,50.0,265.0,0.3389367999998285,257.0,0.04470270000001619,265.0,0.008325299999796698,265.0,0.013629600000058417,265.0,0.0115112999997109
300.0,50.0,233.0,0.45187239999995654,228.0,0.04563910000024407,239.0,0.008321600000272156,239.0,0.011652799999865238,239.0,0.010214200000064011
300.0,50.0,237.0,0.366838099999768,234.0,0.0442032000000836,240.0,0.008225999999922351,240.0,0.01297549999981129,240.0,0.013139700000010635
300.0,50.0,234.0,0.38439070000003994,229.0,0.04012960000000021,236.0,0.008429199999682169,236.0,0.01142230000004929,236.0,0.010719900000367488
300.0,50.0,230.0,0.42664430000013454,226.0,0.04403729999967254,231.0,0.008319099999880564,231.0,0.012757399999827612,231.0,0.012648299999909796
300.0,50.0,236.0,0.3131853000004412,231.0,0.041980599999988044,239.0,0.008399800000006508,239.0,0.011621200000263343,239.0,0.0105742999994618
300.0,50.0,228.0,0.369536799999878,223.0,0.04174779999993916,231.0,0.008077200000116136,231.0,0.01134619999993447,231.0,0.011119099999632454
300.0,50.0,265.0,0.5098899000004167,257.0,0.043636700000206474,267.0,0.008489700000609446,267.0,0.011752399999750196,267.0,0.013166300000193587
300.0,50.0,238.0,0.3374997999999323,235.0,0.043072899999970105,239.0,0.009188899999571731,239.0,0.0117089000004853,239.0,0.010425200000099721
300.0,50.0,253.0,0.4318628000000899,245.0,0.04042250000020431,258.0,0.00818399999934627,258.0,0.01149509999959264,258.0,0.010733600000094157
300.0,50.0,233.0,0.3729823000003307,228.0,0.04072050000013405,242.0,0.008237300000473624,242.0,0.013001700000131677,242.0,0.012017900000500958
300.0,50.0,233.0,0.33983879999959754,227.0,0.04308789999959117,236.0,0.008601900000030582,236.0,0.012656300000344345,236.0,0.011102600000413076
300.0,50.0,245.0,0.41185499999937747,242.0,0.04495839999981399,245.0,0.00825540000005276,245.0,0.01192570000057458,245.0,0.011740699999791104
300.0,50.0,247.0,0.3749972000005073,246.0,0.04305150000072899,253.0,0.00825029999941762,253.0,0.011482499999146967,253.0,0.012446299999282928
300.0,50.0,230.0,0.3356610000000728,226.0,0.04027330000008078,230.0,0.008211399999709101,230.0,0.01275789999999688,230.0,0.013052799999968556
300.0,50.0,241.0,0.39968640000006417,237.0,0.04257149999921239,251.0,0.008329899999807822,251.0,0.013451899999381567,251.0,0.013241200000265962
300.0,50.0,233.0,0.3607475999997405,225.0,0.04069009999966511,250.0,0.008291600000120525,250.0,0.012932200000250305,250.0,0.011762600000110979
300.0,50.0,242.0,0.3743843999991441,238.0,0.044520899999952235,246.0,0.008153899999342684,246.0,0.011495200000354089,246.0,0.010356300000239571
300.0,50.0,239.0,0.4099868000002971,234.0,0.04519040000013774,242.0,0.008830300000226998,242.0,0.015360499999587773,242.0,0.014202299999851675
300.0,50.0,238.0,0.4077314000005572,237.0,0.04149760000018432,239.0,0.008188699999664095,239.0,0.01389629999994213,239.0,0.012944799999786483
300.0,50.0,215.0,0.35852840000006836,214.0,0.04261610000048677,215.0,0.008317599999827507,215.0,0.011405100000047241,215.0,0.010208799999418261
300.0,50.0,248.0,0.41852990000006685,245.0,0.04205169999931968,255.0,0.00825299999996787,255.0,0.011450799999693118,255.0,0.010170000000471191
300.0,50.0,249.0,0.34727159999965806,246.0,0.04641390000051615,253.0,0.008371400000214635,253.0,0.013173600000300212,253.0,0.010514200000216078
300.0,50.0,219.0,0.3931149000000005,215.0,0.04423659999974916,219.0,0.008006500000192318,219.0,0.011193199999979697,219.0,0.01006020000022545
300.0,50.0,244.0,0.3361821999997119,237.0,0.04416399999990972,249.0,0.008417799999733688,249.0,0.014336999999613909,249.0,0.012311000000408967
300.0,50.0,250.0,0.34425740000006044,246.0,0.04335689999970782,252.0,0.008352100000593055,252.0,0.013674300000275252,252.0,0.011847100000522914
300.0,50.0,239.0,0.34946970000055444,234.0,0.042892799999208364,242.0,0.008320999999341439,242.0,0.01170170000023063,242.0,0.013763099999778206
300.0,50.0,258.0,0.3842826000000059,252.0,0.048242300000310934,259.0,0.00855909999972937,259.0,0.011957300000176474,259.0,0.013128600000527513
300.0,50.0,227.0,0.3378571000002921,225.0,0.04362990000026912,228.0,0.008227000000260887,228.0,0.011692799999764247,228.0,0.013104000000566884
300.0,50.0,246.0,0.39328930000010587,241.0,0.045215099999950326,246.0,0.008308100000249397,246.0,0.011604299999817158,246.0,0.012958100000105333
300.0,50.0,238.0,0.34193620000041847,235.0,0.04021660000034899,239.0,0.008124400000269816,239.0,0.01138989999981277,239.0,0.010479399999894667
300.0,50.0,252.0,0.3556459999999788,247.0,0.04581570000027568,254.0,0.008528499999556516,254.0,0.012549200000648852,254.0,0.012863899999501882
300.0,50.0,234.0,0.4254198999997243,228.0,0.043588399999862304,236.0,0.008270000000266009,236.0,0.0134754000000612,236.0,0.013090300000840216
300.0,50.0,241.0,0.33312739999928453,238.0,0.04390580000017508,241.0,0.008355400000255031,241.0,0.011505899999974645,241.0,0.010603700000501703
300.0,50.0,253.0,0.3445815999994011,250.0,0.04370600000038394,253.0,0.008278999999674852,253.0,0.011457700000391924,253.0,0.010631600000124308
300.0,50.0,236.0,0.40730970000004163,234.0,0.044544800000039686,238.0,0.008351399999810383,238.0,0.013334199999917473,238.0,0.0104762999999366
300.0,50.0,239.0,0.33507539999936853,235.0,0.041500299999825074,240.0,0.008128100000249106,240.0,0.011510999999700289,240.0,0.010127500000635337
400.0,50.0,333.0,0.5563026999998328,320.0,0.062497500000063155,335.0,0.009350199999971665,335.0,0.014448500000071363,335.0,0.013624600000184728
400.0,50.0,303.0,0.43779169999925216,297.0,0.05554610000035609,310.0,0.008791600000222388,310.0,0.012267600000086532,310.0,0.010830799999894225
400.0,50.0,312.0,0.5507778000001053,301.0,0.058840800000325544,321.0,0.00874409999960335,321.0,0.013166200000341632,321.0,0.011356599999999162
400.0,50.0,326.0,0.6283521999994264,315.0,0.06748160000006465,339.0,0.009099900000364869,339.0,0.01257759999953123,339.0,0.013502799999514536
400.0,50.0,317.0,0.5632292000000234,295.0,0.05973160000030475,334.0,0.008696400000189897,334.0,0.013250399999378715,334.0,0.011745300000256975
400.0,50.0,311.0,0.523537000000033,298.0,0.0591058999998495,312.0,0.008664400000270689,312.0,0.012393500000143831,312.0,0.01159159999951953
400.0,50.0,329.0,0.5557403999991948,315.0,0.057178099999873666,350.0,0.008779800000411342,350.0,0.012283099999876868,350.0,0.013385400000515801
400.0,50.0,320.0,0.6421928999998272,313.0,0.060029600000234495,323.0,0.008718299999600276,323.0,0.013451300000269839,323.0,0.011512400000356138
400.0,50.0,320.0,0.5144445999994787,310.0,0.056767100000797655,336.0,0.009188600000015867,336.0,0.012077800000042771,336.0,0.011975499999607564
400.0,50.0,317.0,0.6364006999992853,301.0,0.053726900000583555,321.0,0.008762499999647844,321.0,0.012261599999874306,321.0,0.011141400000269641
400.0,50.0,310.0,0.5467141999997693,300.0,0.05906490000052145,324.0,0.008844700000736339,324.0,0.012265499999557505,324.0,0.011105399999905785
400.0,50.0,334.0,0.5656207000001814,322.0,0.057153800000378396,343.0,0.008895699999811768,343.0,0.012400200000229233,343.0,0.011207900000044901
400.0,50.0,340.0,0.5096717999995235,328.0,0.05948460000035993,341.0,0.008831000000100175,341.0,0.01411270000062359,341.0,0.012905000000500877
400.0,50.0,334.0,0.6000490000005811,325.0,0.06037919999926089,338.0,0.008818399999654503,338.0,0.013858500000424101,338.0,0.013176899999962188
400.0,50.0,330.0,0.5522325000001729,315.0,0.055582800000593124,340.0,0.00878499999998894,340.0,0.01208039999983157,340.0,0.011655299999802082
400.0,50.0,324.0,0.5226388999999472,307.0,0.05593760000010661,346.0,0.008870300000126008,346.0,0.012216200000693789,346.0,0.011033499999939522
400.0,50.0,283.0,0.48743350000040664,277.0,0.05716209999991406,283.0,0.00866180000048189,283.0,0.014196899999660673,283.0,0.013816200000292156
400.0,50.0,314.0,0.5236433000000034,307.0,0.0592610000003333,332.0,0.008930900000450492,332.0,0.012440000000424334,332.0,0.012532600000668026
400.0,50.0,346.0,0.5826913999999306,330.0,0.05847070000072563,352.0,0.009030600000187405,352.0,0.013459000000693777,352.0,0.013811900000291644
400.0,50.0,342.0,0.588232600000083,329.0,0.06238020000000688,351.0,0.009086900000511378,351.0,0.014298799999778566,351.0,0.011125900000479305
400.0,50.0,340.0,0.5856942999998864,320.0,0.05949669999972684,356.0,0.008873200000380166,356.0,0.014413099999728729,356.0,0.013101200000164681
400.0,50.0,329.0,0.5469456999999238,311.0,0.05381579999993846,345.0,0.00893999999971129,345.0,0.012200200000734185,345.0,0.01065070000004198
400.0,50.0,330.0,0.5952565999996295,319.0,0.057136999999784166,348.0,0.008732700000109617,348.0,0.011951800000133517,348.0,0.012485199999900942
400.0,50.0,300.0,0.5098797000000559,295.0,0.05951639999966574,318.0,0.00874629999998433,318.0,0.012323099999775877,318.0,0.011615100000199163
400.0,50.0,318.0,0.6389840000001641,303.0,0.060105300000032,328.0,0.008663000000524335,328.0,0.011707599999681406,328.0,0.011670699999740464
400.0,50.0,333.0,0.5164903000004415,320.0,0.05936999999994441,346.0,0.009288100000048871,346.0,0.012351200000011886,346.0,0.01380299999982526
400.0,50.0,326.0,0.6176103999996485,315.0,0.05866299999979674,336.0,0.00878499999998894,336.0,0.014568300000064482,336.0,0.011511199999404198
400.0,50.0,321.0,0.5090194000003976,313.0,0.059233599999970465,326.0,0.008999300000141375,326.0,0.013274599999931525,326.0,0.013674099999661848
400.0,50.0,308.0,0.5561546999997518,294.0,0.05482609999944543,324.0,0.008740700000089419,324.0,0.014683700000205135,324.0,0.013328099999853293
400.0,50.0,290.0,0.5278718999998091,278.0,0.05746700000054261,302.0,0.008890000000064902,302.0,0.012655999999878986,302.0,0.013433900000563881
400.0,50.0,327.0,0.5403316000001723,316.0,0.058118500000091444,334.0,0.008851099999446888,334.0,0.012406799999553186,334.0,0.013933100000031118
400.0,50.0,284.0,0.5391369999997551,267.0,0.05599190000066301,308.0,0.00887709999915387,308.0,0.01236369999969611,308.0,0.011100300000180141
400.0,50.0,303.0,0.5240121999995608,287.0,0.05492510000021866,314.0,0.008675699999912467,314.0,0.011971099999755097,314.0,0.010552800000368734
400.0,50.0,329.0,0.6566172000002553,314.0,0.05482579999988957,343.0,0.008860700000695942,343.0,0.012289999999666179,343.0,0.010881100000005972
400.0,50.0,330.0,0.7189588999999614,320.0,0.05514839999977994,341.0,0.008771200000410317,341.0,0.012203000000226893,341.0,0.010990900000251713
400.0,50.0,333.0,0.6780872999997882,319.0,0.05845489999956044,348.0,0.008712900000318768,348.0,0.01206330000059097,348.0,0.011131700000078126
400.0,50.0,338.0,0.5153725000000122,325.0,0.056261199999426026,358.0,0.008958699999311648,358.0,0.013744800000495161,358.0,0.012989200000447454
400.0,50.0,307.0,0.6018744999992123,290.0,0.056566299999758485,319.0,0.008759299999837822,319.0,0.01394209999943996,319.0,0.013672799999767449
400.0,50.0,313.0,0.5060138999997434,305.0,0.059296899999935704,320.0,0.008883599999535363,320.0,0.012188800000330957,320.0,0.010873700000047393
400.0,50.0,330.0,0.7048899999999776,315.0,0.05828449999989971,338.0,0.008793099999820697,338.0,0.012229300000399235,338.0,0.011086299999988114
400.0,50.0,303.0,0.5723217000004297,298.0,0.058065099999112135,311.0,0.008813899999950081,311.0,0.01227019999987533,311.0,0.01299250000010943
400.0,50.0,329.0,0.6615560999998706,311.0,0.05989009999939299,340.0,0.008875100000295788,340.0,0.012502300000051036,340.0,0.011097700000391342
400.0,50.0,327.0,0.545569500000056,309.0,0.05943360000037501,334.0,0.008856000000378117,334.0,0.012263999999959196,334.0,0.011193000000275788
400.0,50.0,286.0,0.5946979000000283,279.0,0.058945499999936146,295.0,0.008692500000506698,295.0,0.012048999999933585,295.0,0.010791699999572302
400.0,50.0,316.0,0.523584600000504,298.0,0.056786600000123144,334.0,0.008836800000608491,334.0,0.014649299999291543,334.0,0.012136600000303588
400.0,50.0,337.0,0.5325778999995237,327.0,0.05781470000056288,344.0,0.008721899999727611,344.0,0.011916899999960151,344.0,0.011471599999822502
400.0,50.0,312.0,0.5110115999996196,302.0,0.05594340000061493,323.0,0.008812600000055681,323.0,0.01360720000047877,323.0,0.012642400000004272
400.0,50.0,318.0,0.4647821999997177,307.0,0.06768069999998261,319.0,0.009137900000496302,319.0,0.012257100000169885,319.0,0.011707400000886992
400.0,50.0,313.0,0.575053200000184,299.0,0.061645900000257825,332.0,0.008925699999963399,332.0,0.014098099999500846,332.0,0.014076700000259734
400.0,50.0,321.0,0.5709544999999707,306.0,0.05827489999956015,331.0,0.00883590000012191,331.0,0.014140600000246195,331.0,0.013769899999715562
500.0,50.0,382.0,0.7873397000003024,359.0,0.06990640000003623,402.0,0.009206600000652543,402.0,0.01266349999968952,402.0,0.011310299999422568
500.0,50.0,384.0,0.7711745999995401,366.0,0.07347980000031384,390.0,0.009132700000009208,390.0,0.012506500000199594,390.0,0.011219400000300084
500.0,50.0,368.0,0.6389632000000347,346.0,0.06948720000036701,383.0,0.009217300000273099,383.0,0.015402799999719718,383.0,0.014532600000165985
500.0,50.0,408.0,0.7352529999998296,383.0,0.07103110000025481,423.0,0.009509800000159885,423.0,0.013904899999943154,423.0,0.014363199999934295
500.0,50.0,376.0,0.7148124000004827,349.0,0.07385810000050697,400.0,0.009337399999822082,400.0,0.013009899999815389,400.0,0.011127799999485433
500.0,50.0,392.0,0.7198929999995016,369.0,0.07535879999977624,410.0,0.009314099999755854,410.0,0.01334339999993972,410.0,0.012983800000256451
500.0,50.0,403.0,0.8065548000004128,374.0,0.07434550000016316,412.0,0.009587200000169105,412.0,0.013585199999397446,412.0,0.01479890000064188
500.0,50.0,360.0,0.7723067000006267,332.0,0.06634940000003553,390.0,0.009080000000722066,390.0,0.01508659999944939,390.0,0.01408129999981611
500.0,50.0,393.0,1.117554299999938,373.0,0.0725998999996591,420.0,0.009184700000332668,420.0,0.012281199999961245,420.0,0.011407599999984086
500.0,50.0,363.0,0.6595918000002712,342.0,0.07226799999989453,401.0,0.009352000000035332,401.0,0.012640400000236696,401.0,0.011673099999825354
500.0,50.0,403.0,25.592119199999615,385.0,0.07496330000049056,423.0,0.009375900000122783,423.0,0.012587000000166881,423.0,0.012652400000661146
500.0,50.0,371.0,25.569771400000718,343.0,0.07052159999966534,403.0,0.009367800000291027,403.0,0.01291510000010021,403.0,0.01415869999982533
500.0,50.0,385.0,0.8926988000002893,361.0,0.07114680000086082,396.0,0.009398099999998522,396.0,0.013124199999765551,396.0,0.014571100000466686
500.0,50.0,382.0,0.661240500000531,359.0,0.06831380000039644,412.0,0.009372999999868625,412.0,0.012571399999615096,412.0,0.011179499999343534
500.0,50.0,398.0,0.7895846000001256,380.0,0.07200929999999062,401.0,0.009299499999542604,401.0,0.012504199999966659,401.0,0.011712900000020454
500.0,50.0,348.0,0.6548150999997233,327.0,0.06948209999973187,383.0,0.009275499999603198,383.0,0.012867700000242621,383.0,0.014592099999390484
500.0,50.0,362.0,0.6680975999997827,340.0,0.06615279999914492,384.0,0.009260900000299443,384.0,0.014221999999790569,384.0,0.014437299999372044
500.0,50.0,357.0,0.7604206999994858,336.0,0.0670111999997971,375.0,0.009031299999151088,375.0,0.012267699999938486,375.0,0.012199300000247604
500.0,50.0,404.0,0.7069631000003938,375.0,0.07141570000021602,443.0,0.009425500000361353,443.0,0.014121399999567075,443.0,0.013676900000064052
500.0,50.0,396.0,0.8998324999993201,372.0,0.07808019999993121,411.0,0.009109800000260293,411.0,0.012379199999486445,411.0,0.011889999999766587
500.0,50.0,391.0,0.6944895999995424,369.0,0.07031240000014805,397.0,0.009099699999751465,397.0,0.0124470000000656,397.0,0.011700000000018917
500.0,50.0,383.0,0.7190457000006063,364.0,0.06879539999954432,413.0,0.009330599999884726,413.0,0.015743400000246766,413.0,0.014673100000436534
500.0,50.0,367.0,0.6095300999995743,346.0,0.07118269999955373,382.0,0.009094899999581685,382.0,0.015124200000173005,382.0,0.01475380000010773
500.0,50.0,380.0,1.1935444999999163,353.0,0.07449470000028668,424.0,0.009381199999552337,424.0,0.012873300000137533,424.0,0.01224259999980859
500.0,50.0,362.0,0.7920803000006345,345.0,0.06874359999983426,380.0,0.009313100000326813,380.0,0.013683899999705318,380.0,0.015431699999680859
500.0,50.0,366.0,25.52511229999982,354.0,0.07109649999983958,379.0,0.00937179999982618,379.0,0.012643899999602581,379.0,0.011866099999679136
500.0,50.0,394.0,0.9244383000004746,363.0,0.09898410000005242,404.0,0.009766999999555992,404.0,0.01410790000045381,404.0,0.012273000000277534
500.0,50.0,383.0,0.753941400000258,361.0,0.07750620000024355,409.0,0.009152800000265415,409.0,0.012774199999512348,409.0,0.011667300000226533
500.0,50.0,378.0,25.620760100000552,348.0,0.06988820000060514,416.0,0.009195800000270538,416.0,0.014999099999840837,416.0,0.012188099999548285
500.0,50.0,389.0,0.8232724999998027,370.0,0.07378730000073119,403.0,0.009775499999705062,403.0,0.013070500000139873,403.0,0.011407099999814818
500.0,50.0,386.0,0.6480781000000206,369.0,0.07198000000062166,402.0,0.009300400000029185,402.0,0.01366539999980887,402.0,0.014363399999638204
500.0,50.0,360.0,25.588838499999838,334.0,0.07578910000029282,391.0,0.009252099999685015,391.0,0.014640699999290518,391.0,0.014475999999376654
500.0,50.0,397.0,0.8695723999999245,365.0,0.06817700000010518,422.0,0.009237600000233215,422.0,0.014962600000217208,422.0,0.011687600000186649
500.0,50.0,412.0,9.616274399999384,390.0,0.07527339999978722,430.0,0.00945529999989958,430.0,0.013925700000072538,430.0,0.013156400000298163
500.0,50.0,373.0,0.8414632000003621,356.0,0.07632090000060998,399.0,0.009564699999828008,399.0,0.012836799999604409,399.0,0.012006099999780417
500.0,50.0,371.0,0.733153800000764,348.0,0.0670300000001589,388.0,0.009197600000334205,388.0,0.012227300000631658,388.0,0.012413200000082725
500.0,50.0,399.0,0.7700070000000778,363.0,0.07302750000053493,431.0,0.00918309999997291,431.0,0.012250800000401796,431.0,0.013249099999484315
500.0,50.0,362.0,0.689593999999488,335.0,0.06987620000018069,415.0,0.009227000000464614,415.0,0.012193200000183424,415.0,0.011433700000452518
500.0,50.0,409.0,25.60432789999959,388.0,0.07367969999995694,430.0,0.009227100000316568,430.0,0.014887799999996787,430.0,0.012219599999298225
500.0,50.0,381.0,0.6440682999991623,363.0,0.0678989999996702,399.0,0.009246499999790103,399.0,0.012393099999826518,399.0,0.012747400000080233
500.0,50.0,400.0,0.7934270000005199,378.0,0.06983059999947727,415.0,0.009289299999181821,415.0,0.012666299999182229,415.0,0.011525300000357674
500.0,50.0,355.0,0.6956650999991325,344.0,0.07255030000033003,380.0,0.009201900000334717,380.0,0.012411700000484416,380.0,0.012088299999959418
500.0,50.0,379.0,25.637303200000133,354.0,0.07324450000032812,425.0,0.009325400000307127,425.0,0.012400600000546547,425.0,0.013200899999901594
500.0,50.0,411.0,0.7534056999993481,374.0,0.07528499999989435,432.0,0.009409900000719063,432.0,0.012151099999755388,432.0,0.012912300000607502
500.0,50.0,381.0,1.0168628999999783,354.0,0.06909929999983433,399.0,0.009111999999731779,399.0,0.012621599999874888,399.0,0.012731799999528448
500.0,50.0,367.0,0.7474840000004406,350.0,0.07491599999957543,378.0,0.009209299999383802,378.0,0.014533900000060385,378.0,0.013794100000268372
500.0,50.0,372.0,0.6911284999996496,348.0,0.07265469999947527,394.0,0.009172699999908218,394.0,0.012999300000046787,394.0,0.013950399999885121
500.0,50.0,357.0,0.8515384000002086,327.0,0.06936150000001362,403.0,0.009372299999995448,403.0,0.013814300000376534,403.0,0.014436399999794958
500.0,50.0,400.0,25.498678500000096,367.0,0.07561209999948915,430.0,0.009373500000037893,430.0,0.01272419999986596,430.0,0.01159670000015467
500.0,50.0,395.0,25.6131562999999,371.0,0.07361560000026657,434.0,0.009535799999866867,434.0,0.012976600000001781,434.0,0.01125659999979689
